region_start;region_end;label;instrument
0.0;0.8823582759999999;silence;
0.8823582759999999;14.164172334;intro;p,b,dr
14.367346937999999;124.081632652;theme_01_01;as,p,b,dr
124.08163265299999;233.14285714199997;solo_01_01;s_as,b_p,b_b,b_dr
233.17478458;343.77142857;solo_02_01;s_p,b_b,b_dr
343.794648526;479.58494330999997;theme_02_01;as,p,b,dr
479.58494330999997;483.33333333333326;silence;
