segment_start;segment_end;label;instrument
0.0;0.882358276;silence;
0.882358276;14.367346938;intro;p,b,dr
14.367346938;124.081632653;theme_01_01;as,p,b,dr
124.081632653;233.17478458;solo_01_01;s_as,b_p,b_b,b_dr
233.17478458;343.794648526;solo_02_01;s_p,b_b,b_dr
343.794648526;479.58494330999997;theme_02_01;as,p,b,dr
479.58494330999997;483.3333333333333;silence;
