region_start;region_end;label;instrument
0.0;0.185759637;silence;
0.185759637;56.563809523;theme_01_01;as,p,b
56.563809523;112.70965986300001;solo_01_01;s_as,b_p,b_b
112.709659863;171.966984126;theme_02_01;as,p,b,dr
171.966984126;175.38666666666663;silence;
