region_start;region_end;label;instrument
0.0;0.261224489;silence;
0.261224489;28.277551019;intro;dr,cl,p
28.27755102;56.55510204;theme_01_01;cl,p,dr
56.55510204;86.20408163100001;solo_01_01;s_cl,b_p,b_dr
86.35501133700001;114.311836733;solo_02_01;s_p,b_dr
114.358276643;141.75782312799998;solo_03_01;s_dr,b_cl,b_p
141.781043083;170.271927436;solo_04_01;s_cl,b_p,b_dr
170.341587301;202.17614512400002;theme_02_01;cl,p,dr
202.17614512400002;204.17306122448983;silence;
