segment_start;segment_end;label;instrument
0.0;0.232199546;silence;
0.232199546;3.088253968;intro;dr
3.088253968;33.506394557;theme_01_01;cl,p,dr
33.506394557;64.249614512;solo_01_01;s_p,b_dr
64.249614512;94.667755102;solo_02_01;s_cl,b_p,b_dr
94.667755102;129.265487528;solo_03_01;s_p,s_dr,b_cl
129.265487528;164.397278911;theme_02_01;cl,p,dr
164.397278911;166.66666666666666;silence;
