segment_start;segment_end;label;instrument
0.0;0.208979591;silence;
0.208979591;5.456689342;intro;p
5.456689342;45.325351473;theme_01_01;cl,p,dr
45.325351473;84.845714285;solo_01_01;s_cl,b_p,b_dr
84.845714285;123.506938775;solo_02_01;s_vib,b_p,b_dr
123.506938775;161.750204081;solo_03_01;s_p,b_dr
161.750204081;200.713287981;theme_02_01;cl,vib,b,dr
200.713287981;202.73333333333332;silence;
