segment_start;segment_end;label;instrument
0.0;0.19591836699999998;silence;
0.19591836699999998;10.481632653;intro;p,dr
10.481632653;51.918367346000004;theme_01_01;as,p,b,dr
51.918367346000004;93.485714285;solo_01_01;s_as,b_p,b_b,b_dr
93.485714285;133.746938775;solo_02_01;s_g,b_p,b_b,b_dr
133.746938775;182.741043083;theme_02_01;as,p,b,dr
182.741043083;185.14666666666668;silence;
