region_start;region_end;label;instrument
0.0;0.457142857;silence;
0.457142857;11.951020407999998;intro;p
12.01632653;95.085714285;theme_01_01;as,p,b,dr
95.21632653;178.93877550899998;solo_01_01;s_as,b_p,b_b,b_dr
179.069387755;262.269387755;solo_02_01;s_g,b_b,b_dr
262.4;345.46938775499996;solo_03_01;s_p,b_b,b_dr
345.534693877;405.224489795;theme_02_01;as,p,g,b,dr
405.224489795;410.64;silence;
