segment_start;segment_end;label;instrument
0.0;0.185759637;silence;
0.185759637;3.924172335;intro;vib
3.924172335;35.735510204;theme_01_01;cl,p,vib,dr
35.735510204;67.477188208;solo_01_02;s_p,b_dr
67.477188208;99.52072562299999;solo_02_01;s_cl,b_p,b_vib,b_dr
99.52072562299999;131.332063492;solo_03_01;s_vib,b_p,b_dr
131.332063492;163.561360544;theme_02_01;cl,vib,p,dr
163.561360544;165.44;silence;
