region_start;region_end;label;instrument
0.0;0.20897959100000002;silence;
0.20897959100000002;5.4102494320000005;intro;p
5.456689342000001;45.278911564;theme_01_01;cl,p,dr
45.325351473000005;84.77605442000001;solo_01_01;s_cl,b_p,b_dr
84.845714285;123.43727891;solo_02_01;s_vib,b_p,b_dr
123.506938775;161.726984126;solo_03_01;s_p,b_dr
161.750204081;200.713287981;theme_02_01;cl,vib,b,dr
200.713287981;202.7333333333333;silence;
