region_start;region_end;label;instrument
0.0;0.19591836699999998;silence;
0.19591836699999998;15.967346938;intro;dr,vib,cl
15.967346938;44.767346938;theme_01_01;cl,vib,p,dr
44.767346938;71.494240362;solo_01_01;s_p,b_dr
71.494240362;98.87056689299999;solo_02_01;s_cl,b_vib,b_p,b_dr
98.87056689299999;126.339773242;solo_03_01;s_vib,b_cl,b_p,b_dr
126.339773242;155.480816325;theme_02_01;cl,vib,p,dr
155.480816325;157.42666666666668;silence;
