region_start;region_end;label;instrument
0.0;0.766258503;silence;
0.766258503;10.402539681999999;intro;p
10.448979591;70.263582765;theme_01_01;p,b,dr
70.33324263;133.60761904700001;solo_01_01;s_ts,b_p,b_b,b_dr
133.654058956;196.277551019;solo_01_02;s_ts,b_p,b_b,b_dr
196.326530612;259.199999999;solo_02_01;s_p,b_b,b_dr
259.24897959099997;326.00816326399996;theme_02_01;p,ts,b,dr
326.00816326399996;327.0933333333333;silence;
