segment_start;segment_end;label;instrument
0.0;0.766258503;silence;
0.766258503;10.448979591;intro;p
10.448979591;70.33324263;theme_01_01;p,b,dr
70.33324263;133.654058956;solo_01_01;s_ts,b_p,b_b,b_dr
133.654058956;196.326530612;solo_01_02;s_ts,b_p,b_b,b_dr
196.326530612;259.248979591;solo_02_01;s_p,b_b,b_dr
259.248979591;326.008163264;theme_02_01;p,ts,b,dr
326.008163264;327.0933333333333;silence;
