region_start;region_end;label;instrument
0.0;0.232199546;silence;
0.232199546;8.916462585;intro;p,b,dr
8.916462585;83.173877551;theme_01_01;tp,as,p,b,dr
83.173877551;142.849160997;solo_01_01;s_as,b_p,b_b,b_dr
142.849160997;204.428480725;solo_02_01;s_tp,b_p,b_b,b_dr
204.428480725;264.568163265;solo_03_01;s_p,b_b,b_dr
264.568163265;326.704761904;theme_02_01;tp,as,p,b,dr
326.704761904;364.878367346;outro;tp,as,p,b,dr
364.878367346;370.0;silence;
