region_start;region_end;label;instrument
0.0;1.044897959;silence;
1.044897959;13.795918367;intro;ts,bs,g,tb
13.795918367;59.804081632;theme_01_01;ts,bs,g,tb
59.804081632;90.383673469;solo_01_01;s_ts,b_cor,b_tb,b_g
90.383673469;133.746938775;solo_02_01;s_cor,b_tb,b_g,b_dr
133.746938775;187.085714285;theme_02_01;cor,tb,ts,cl,g,dr
187.085714285;190.58666666666667;silence;
