region_start;region_end;label;instrument
0.0;0.39473922899999997;silence;
0.39473922899999997;9.566621315;intro;dr
9.589841268999999;57.7015873;theme_01_01;ts,p,b,dr
57.74802721;105.627573695;solo_01_01;s_p,b_b,b_dr
105.69723356;151.115464852;solo_01_02;s_p,b_b,b_dr
151.18367346899998;206.95510203999999;solo_02_01;s_ts,b_p,b_b,b_dr
207.02040816299998;278.36734693799997;solo_02_02;s_ts,b_p,b_b,b_dr
278.453696145;324.777505668;theme_02_01;ts,p,b,dr
324.777505668;333.2266666666667;silence;
