segment_start;segment_end;label;instrument
0.0;0.394739229;silence;
0.394739229;9.589841269;intro;dr
9.589841269;57.74802721;theme_01_01;ts,p,b,dr
57.74802721;105.69723356;solo_01_01;s_p,b_b,b_dr
105.69723356;151.183673469;solo_01_02;s_p,b_b,b_dr
151.183673469;207.020408163;solo_02_01;s_ts,b_p,b_b,b_dr
207.020408163;278.453696145;solo_02_02;s_ts,b_p,b_b,b_dr
278.453696145;324.777505668;theme_02_01;ts,p,b,dr
324.777505668;333.2266666666667;silence;
