segment_start;segment_end;label;instrument
0.0;0.417959183;silence;
0.417959183;49.528163265;theme_01_01;ts,b,dr
49.528163265;97.10585034;solo_01_01;s_ts,b_b,b_dr
97.10585034;144.590657596;solo_01_02;s_ts,b_b,b_dr
144.590657596;191.332426303;solo_02_01;s_ts,s_dr,b_b
191.332426303;245.876099772;theme_02_01;ts,b,dr
245.876099772;252.82666666666665;silence;
