region_start;region_end;label;instrument
0.0;0.41795918299999996;silence;
0.41795918299999996;49.481723355;theme_01_01;ts,b,dr
49.528163265;97.05941043000001;solo_01_01;s_ts,b_b,b_dr
97.10585034;144.54421768600002;solo_01_02;s_ts,b_b,b_dr
144.590657596;191.309206348;solo_02_01;s_ts,s_dr,b_b
191.332426303;245.876099772;theme_02_01;ts,b,dr
245.876099772;252.82666666666665;silence;
