segment_start;segment_end;label;instrument
0.0;7.430385487;silence;
7.430385487;209.536870748;theme_01_01;ts,b,dr
209.536870748;340.311655328;solo_01_01;s_ts,b_b,b_dr
340.311655328;462.913015873;solo_01_02;s_ts,b_b,b_dr
462.913015873;619.694149659;theme_02_01;ts,b,dr
619.694149659;634.36;silence;
