region_start;region_end;label;instrument
0.0;0.371519274;silence;
0.371519274;49.133424035000004;theme_01_01;tp,as,p,b,dr
49.15664399;99.567165531;solo_01_01;s_as,b_p,b_b,b_dr
99.61360544200001;147.42349206300003;solo_01_02;s_as,b_p,b_b,b_dr
147.469931972;197.323174602;solo_02_01;s_tp,b_p,b_b,b_dr
197.392834467;245.736780045;solo_02_02;s_tp,s_p,b_b,b_dr
245.783219954;294.963083899;solo_03_01;s_p,b_b,b_dr
294.986303854;350.06403628000004;theme_02_01;tp,as,p,b
350.06403628000004;352.92;silence;
