segment_start;segment_end;label;instrument
0.0;0.208979591;silence;
0.208979591;6.269387755;intro;p,b
6.269387755;41.285079365;theme_01_01;tp,as,p,b,dr
41.285079365;77.508208616;solo_01_01;s_as,b_p,b_b,b_dr
77.508208616;113.94031746;solo_01_02;s_as,b_p,b_b,b_dr
113.94031746;151.347664399;solo_02_01;s_tp,b_p,b_b,b_dr
151.347664399;188.91755102;theme_02_01;tp,as,p,b,dr
188.91755102;192.12;silence;
