region_start;region_end;label;instrument
0.0;0.232199546;silence;
0.232199546;4.342131519;intro;p
4.342131519;38.405804988;solo_01_01;s_tp,b_p,b_b,b_dr
38.405804988;72.608798185;solo_02_01;s_as,b_p,b_b,b_dr
72.608798185;106.18485260700001;solo_02_02;s_as,b_p,b_b,b_dr
106.18485260700001;139.900226757;solo_03_01;s_p,b_b,b_dr
139.900226757;174.590839001;theme_01_01;as,tp,p,b,dr
174.590839001;177.58666666666667;silence;
