region_start;region_end;label;instrument
0.0;0.30185941;silence;
0.30185941;13.96680272;intro;p
13.966802720999999;41.505668934;theme_01_01;as,p,b,dr
41.494058955999996;69.49732426199999;theme_01_02;as,p,b,dr
69.497324263;98.673197278;solo_01_01;s_as,b_p,b_b,b_dr
98.67319727799999;127.570430838;solo_01_02;s_as,b_p,b_b,b_dr
127.570430839;157.210702947;solo_02_01;s_tp,b_p,b_b,b_dr
157.21070294700002;184.319999999;theme_02_01;tp,as,p,b,dr
184.319999999;187.53333333333333;silence;
