region_start;region_end;label;instrument
0.0;0.20897959100000002;silence;
0.20897959100000002;9.357641722;intro;p,b,dr
9.404081632;46.254149659;theme_01_01;ts,as,tp,p,g,b,dr
46.277369613999994;82.663038548;solo_01_01;s_ts,b_p,b_g,b_b,b_dr
82.709478458;118.88616780000001;solo_02_01;s_tp,s_as,b_p,b_g,b_b,b_dr
118.932607709;155.178956915;solo_03_01;s_as,s_g,b_p,b_b,b_dr
155.225396825;173.174421768;outro;p,ts,as,tp,g,b,dr
173.174421768;176.26666666666668;silence;
