region_start;region_end;label;instrument
0.0;0.255419501;silence;
0.255419501;10.263219954;intro;p,b,dr
10.263219954;49.179863945;theme_01_01;as,tp,p,b,dr
49.179863945;88.53768707399999;solo_01_01;s_as,b_p,b_b,b_dr
88.53768707399999;127.361451247;solo_02_01;s_tp,b_p,b_b,b_dr
127.361451247;166.463854875;theme_02_01;p,b,as,tp,dr
166.463854875;176.750294784;outro;p,b,dr
176.750294784;180.25333333333333;silence;
