segment_start;segment_end;label;instrument
0.0;0.326530612;silence;
0.326530612;14.759183672999999;intro;tp,p,b
14.759183672999999;44.78367346899999;theme_01_01;as,p,b,dr
44.78367346899999;74.612244897;theme_01_02;as,p,b,dr
74.612244897;104.70204081600001;solo_01_01;s_as,b_p,b_b,b_dr
104.70204081600001;135.248979591;solo_01_02;s_as,b_p,b_b,b_dr
135.248979591;166.187755101;solo_02_01;s_tp,b_as,b_p,b_b,b_dr
166.187755101;167.10666666666663;silence;
