region_start;region_end;label;instrument
0.0;0.19591836699999998;silence;
0.19591836699999998;4.342857142;intro;dr
4.342857142;39.575510204000004;theme_01_01;as,as,tp,p,b,dr
39.575510204000004;74.579591836;solo_01_01;s_as,b_p,b_b,b_dr
74.579591836;108.930612244;solo_02_01;s_tp,b_p,b_b,b_dr
108.930612244;142.791836734;solo_03_01;s_as,b_p,b_b,b_dr
142.791836734;177.69795918199998;theme_02_01;as,as,tp,p,b,dr
177.69795918199998;181.2;silence;
