region_start;region_end;label;instrument
0.0;0.261224489;silence;
0.261224489;25.306122448;intro;tp,as,dr
25.306122448000004;50.87346938600001;theme_01_01;as,p,b,dr
50.873469387;76.408163264;solo_01_01;s_as,b_p,b_b,b_dr
76.408163265;101.942857142;solo_01_02;s_as,b_p,b_b,b_dr
101.94285714200001;127.738775509;solo_01_03;s_as,b_p,b_b,b_dr
127.73877551;150.008163265;solo_02_01;s_dr
150.008163265;173.485714285;outro;tp,as,dr
173.485714285;176.52;silence;
