region_start;region_end;label;instrument
0.0;1.068117913;silence;
1.068117913;35.363990928;theme_01_01;as,tp,p,b,dr
35.387210884;70.217142856;solo_01_01;s_as,b_p,b_b,b_dr
70.240362811;104.30403627999999;solo_01_02;s_as,b_p,b_b,b_dr
104.35047619;137.694331065;solo_02_01;s_tp,s_p,b_b,b_dr
137.740770975;153.599999999;outro;as,tp,p,b,dr
153.599999999;157.10666666666663;silence;
