segment_start;segment_end;label;instrument
0.0;0.30185941;silence;
0.30185941;13.966802721;intro;p
13.966802721;41.494058956;theme_01_01;as,p,b,dr
41.494058956;69.497324263;theme_01_02;as,p,b,dr
69.497324263;98.673197278;solo_01_01;s_as,b_p,b_b,b_dr
98.673197278;127.570430839;solo_01_02;s_as,b_p,b_b,b_dr
127.570430839;157.210702947;solo_02_01;s_tp,b_p,b_b,b_dr
157.210702947;184.31999999899998;theme_02_01;tp,as,p,b,dr
184.31999999899998;187.53333333333333;silence;
