segment_start;segment_end;label;instrument
0.0;0.023219954;silence;
0.023219954;56.633469387;theme_01_01;voc,p,b,dr
56.633469387;115.705034013;solo_01_01;s_tp,b_p,b_b,b_dr
115.705034013;176.401995464;solo_02_01;s_p,s_voc,b_b,b_dr
176.401995464;196.789115645;outro;tp,p,b,dr
196.789115645;198.92;silence;
