segment_start;segment_end;label;instrument
0.0;0.208979591;silence;
0.208979591;13.305034013;intro;p,b,dr
13.305034013;64.133514739;theme_01_01;tp,p,b,dr
64.133514739;114.474376417;theme_01_02;voc,p,b,dr
114.474376417;163.213061224;solo_01_01;s_tp,b_p,b_b,b_dr
163.213061224;221.704126983;theme_02_01;p,voc,b,dr
221.704126983;223.62666666666667;silence;
