region_start;region_end;label;instrument
0.0;0.023219953999999998;silence;
0.023219953999999998;56.587029477;theme_01_01;voc,p,b,dr
56.633469387;115.658594103;solo_01_01;s_tp,b_p,b_b,b_dr
115.70503401299999;176.37877550899998;solo_02_01;s_p,s_voc,b_b,b_dr
176.401995464;196.789115645;outro;tp,p,b,dr
196.789115645;198.92;silence;
