region_start;region_end;label;instrument
0.0;0.20897959100000002;silence;
0.20897959100000002;13.258594103;intro;p,b,dr
13.305034013;64.087074829;theme_01_01;tp,p,b,dr
64.13351473899999;114.427936507;theme_01_02;voc,p,b,dr
114.474376417;163.189841269;solo_01_01;s_tp,b_p,b_b,b_dr
163.213061224;221.70412698299998;theme_02_01;p,voc,b,dr
221.70412698299998;223.6266666666667;silence;
