segment_start;segment_end;label;instrument
0.0;0.092879818;silence;
0.092879818;11.354557823;intro;tp,p,b,dr
11.354557823;55.14739229;theme_01_01;tp,p,b,dr
55.14739229;98.731247165;solo_01_01;s_tp,b_p,b_b,b_dr
98.731247165;141.618503401;theme_02_01;voc,p,b,dr
141.618503401;183.948480725;solo_02_01;s_p,b_b,b_dr
183.948480725;238.167074829;theme_03_01;tp,p,voc,b,dr
238.167074829;240.3265306122449;silence;
