region_start;region_end;label;instrument
0.0;0.255419501;silence;
0.255419501;13.931972788000001;intro;tp,p,b,dr
13.955192743;55.356371881;theme_01_01;voc,p,b,dr
55.402811791000005;95.828752834;solo_01_01;s_tp,b_p,b_b,b_dr
95.851972789;137.229931972;solo_02_01;s_tp,s_p,b_b,b_dr
137.229931972;161.053605441;theme_02_01;voc,tp,p,b,dr
161.053605441;163.05333333333334;silence;
