segment_start;segment_end;label;instrument
0.0;4.086712018;silence;
4.086712018;140.27755102;intro;ts,g,key,b,dr
140.27755102;254.171428571;theme_01_01;ts,g,key,b,dr
254.171428571;350.302040816;solo_01_01;s_g,b_key,b_b,b_dr
350.302040816;481.175510204;solo_01_02;s_g,b_key,b_b,b_dr
481.175510204;601.86122449;solo_02_01;s_ts,b_key,b_g,b_b,b_dr
601.86122449;755.983673469;solo_02_02;s_ts,b_key,b_g,b_b,b_dr
755.983673469;873.273469387;theme_02_01;ts,g,key,b,dr
873.273469387;881.0666666666667;silence;
