region_start;region_end;label;instrument
0.0;4.086712018;silence;
4.086712018;140.27755102000003;intro;ts,g,key,b,dr
140.27755102;254.171428571;theme_01_01;ts,g,key,b,dr
254.17142857099998;350.04081632599997;solo_01_01;s_g,b_key,b_b,b_dr
350.302040816;480.653061224;solo_01_02;s_g,b_key,b_b,b_dr
481.17551020400003;602.1224489800001;solo_02_01;s_ts,b_key,b_g,b_b,b_dr
601.86122449;756.244897959;solo_02_02;s_ts,b_key,b_g,b_b,b_dr
755.983673469;873.273469387;theme_02_01;ts,g,key,b,dr
873.273469387;881.0666666666667;silence;
