region_start;region_end;label;instrument
0.0;0.510839002;silence;
0.510839002;12.794195011;intro;g,b
12.794195011;107.94956916;theme_01_01;as,p,g,b,dr
107.94956916;169.598548752;solo_01_01;s_tp,b_p,b_g,b_b,b_dr
169.598548752;231.31718820700002;theme_02_01;as,tp,p,g,b,dr
231.31718820700002;236.53333333333333;silence;
