segment_start;segment_end;label;instrument
0.0;0.208979591;silence;
0.208979591;43.235555555;theme_01_01;tp,ts,p,b,dr
43.235555555;84.752834467;solo_01_01;s_tp,b_p,b_b,b_dr
84.752834467;125.991473922;solo_02_01;s_ts,b_p,b_b,b_dr
125.991473922;167.624852607;solo_03_01;s_p,b_b,b_dr
167.624852607;208.677732426;solo_03_02;s_p,s_dr,b_b
208.677732426;248.174875283;solo_04_01;s_dr
248.174875283;292.339229024;theme_02_01;tp,ts,p,b,dr
292.339229024;296.9866666666667;silence;
