region_start;region_end;label;instrument
0.0;0.20897959100000002;silence;
0.20897959100000002;43.212335599999996;theme_01_01;tp,ts,p,b,dr
43.235555555;84.729614511;solo_01_01;s_tp,b_p,b_b,b_dr
84.752834467;125.945034013;solo_02_01;s_ts,b_p,b_b,b_dr
125.99147392200001;167.601632652;solo_03_01;s_p,b_b,b_dr
167.624852607;208.631292516;solo_03_02;s_p,s_dr,b_b
208.67773242599998;248.12843537299997;solo_04_01;s_dr
248.174875283;292.339229024;theme_02_01;tp,ts,p,b,dr
292.339229024;296.9866666666667;silence;
