region_start;region_end;label;instrument
0.0;0.255419501;silence;
0.255419501;13.722993197000001;intro;p,b,dr
13.722993197000001;69.19183673399999;theme_01_01;ts,p,b,dr
69.19183673399999;126.302040816;solo_01_01;s_ts,b_p,b_b,b_dr
126.302040816;188.440816326;solo_01_02;s_ts,b_p,b_b,b_dr
188.440816326;190.82666666666665;silence;
