region_start;region_end;label;instrument
0.0;0.41795918299999996;silence;
0.41795918299999996;7.709024941999999;intro;p,b,dr
7.755464852;65.015873015;theme_01_01;tb,ts,p,b,dr
65.062312925;122.46204081600001;solo_01_01;s_ts,b_p,b_b,b_dr
122.53170068;180.024308389;theme_02_01;tb,ts,p,b,dr
180.024308389;182.41333333333333;silence;
