segment_start;segment_end;label;instrument
0.0;0.255419501;silence;
0.255419501;13.722993197;intro;p,b,dr
13.722993197;69.191836734;theme_01_01;ts,p,b,dr
69.191836734;126.302040816;solo_01_01;s_ts,b_p,b_b,b_dr
126.302040816;188.440816326;solo_01_02;s_ts,b_p,b_b,b_dr
188.440816326;190.82666666666665;silence;
