segment_start;segment_end;label;instrument
0.0;0.139319727;silence;
0.139319727;9.984580498;intro;p
9.984580498;90.859682539;theme_01_01;ts,p,b,dr
90.859682539;178.70077097400002;solo_01_01;s_ts,b_p,b_b,b_dr
178.70077097400002;181.36;silence;
