segment_start;segment_end;label;instrument
0.0;0.348299319;silence;
0.348299319;54.172154195;theme_01_01;ts,p
54.172154195;108.367528344;theme_01_02;ts,p
108.367528344;163.677460317;solo_01_01;s_p
163.677460317;221.75056689299998;solo_02_01;s_ts,b_p
221.75056689299998;291.61941043;theme_02_01;ts,p
291.61941043;294.53333333333336;silence;
