segment_start;segment_end;label;instrument
0.0;0.587755102;silence;
0.587755102;61.453061223999995;theme_01_01;ss,p,b,dr
61.453061223999995;120.75102040799999;solo_01_01;s_ss,b_p,b_b,b_dr
120.75102040799999;179.330612244;solo_01_02;s_ss,b_p,b_b,b_dr
179.330612244;237.61632653;solo_01_03;s_ss,b_p,b_b,b_dr
237.61632653;267.461224489;theme_02_01;ss,p,b,dr
267.461224489;272.0;silence;
