region_start;region_end;label;instrument
0.0;1.30031746;silence;
1.30031746;41.145759636;intro;ts,p
41.273469387;113.63265306;theme_01_01;ts,p,b,dr
113.77777777700001;186.59555555400001;solo_01_01;s_p,b_b,b_dr
186.68843537400002;264.614603174;solo_01_02;s_p,b_b,b_dr
264.881632653;336.457142857;solo_02_01;s_ts,b_p,b_b,b_dr
337.432380952;407.649523809;solo_03_01;s_b,b_p,b_dr
407.649523809;491.148480725;theme_02_01;ts,p,b,dr
491.148480725;501.68269841269836;silence;
