segment_start;segment_end;label;instrument
0.0;0.510839002;silence;
0.510839002;124.017777777;theme_01_01;ts,p
124.017777777;240.024671201;solo_01_01;s_ts,b_p
240.024671201;360.164716553;solo_02_01;s_p,s_ts
360.164716553;408.090702947;outro;ts,p
408.090702947;413.0933333333333;silence;
