region_start;region_end;label;instrument
0.0;5.410249433;silence;
5.410249433;78.901405895;theme_01_01;ts,p
78.994285714;151.626303854;theme_01_02;ts,p
151.672743764;225.465759637;solo_01_01;s_ts,b_p
225.51219954599998;296.33306122399995;solo_01_02;s_ts,b_p
296.379501133;363.94956916;solo_02_01;s_p
363.972789115;446.10176870600003;theme_02_01;ts,p
446.10176870600003;449.4666666666666;silence;
