region_start;region_end;label;instrument
0.0;1.110204081;silence;
1.110204081;10.057142857;intro;b,dr
10.057142857;71.706122448;theme_01_01;ts,p,b,dr
71.706122448;133.35510204;solo_01_01;s_ts,b_p,b_b,b_dr
133.35510204;194.93877551;solo_01_02;s_ts,b_p,b_b,b_dr
194.93877551;253.518367346;solo_02_01;s_p,b_b,b_dr
253.518367346;313.33877551;solo_03_01;s_ts,b_p,b_b,b_dr
313.33877551;390.073469387;theme_02_01;ts,p,b,dr
390.073469387;393.73333333333335;silence;
