region_start;region_end;label;instrument
0.0;1.0913378679999999;silence;
1.0913378679999999;31.904217687;theme_01_01;tp,vib,p,b
31.904217687;63.204716553000004;solo_01_01;s_vib,b_p,b_b,b_dr
63.204716553000004;94.92317460299999;solo_02_01;s_tp,b_p,b_b,b_dr
94.92317460299999;125.82893424;solo_03_01;s_g,b_p,b_b,b_dr
125.82893424;158.49941043;theme_02_01;tp,vib,p,b,dr
158.49941043;162.0;silence;
