region_start;region_end;label;instrument
0.0;0.457142857;silence;
0.457142857;5.779591836;intro;dr
5.87755102;50.710204081;theme_01_01;tp,ts,p,b,dr
50.808163265;95.608163265;solo_01_01;s_ts,b_p,b_b,b_dr
95.67346938700001;140.47346938700002;solo_02_01;s_tp,b_p,b_b,b_dr
140.50612244799999;186.514285713;theme_02_01;tp,ts,p,b,dr
186.514285713;189.0;silence;
