region_start;region_end;label;instrument
0.0;0.719818594;silence;
0.719818594;14.164172334999998;intro;p,ts,tp,b,dr
14.210612244000002;68.034467119;theme_01_01;ts,p,b,dr
68.080907029;122.46204081500001;solo_01_01;s_p,s_tp,b_b,b_dr
122.53170068;193.352562358;solo_02_01;s_ts,b_p,b_b,b_dr
193.352562358;196.26666666666668;silence;
