segment_start;segment_end;label;instrument
0.0;0.60371882;silence;
0.60371882;6.687346937999999;intro;p,ts
6.687346937999999;37.477006802;theme_01_01;ts,p,b,dr
37.477006802;70.449342403;theme_01_02;ts,p,b,dr
70.449342403;102.35356009;solo_01_01;s_ts,b_p,b_b,b_dr
102.35356009;134.304217687;solo_01_02;s_ts,b_p,b_b,b_dr
134.304217687;166.069115646;solo_02_01;s_p,b_b,b_dr
166.069115646;202.524444444;theme_02_01;ts,p,b,dr
202.524444444;206.12;silence;
