region_start;region_end;label;instrument
0.0;0.522448979;silence;
0.522448979;26.514285714;theme_01_01;tp,p,b,dr
26.514285714;51.461224488999996;theme_01_02;tp,ts,p,b,dr
51.461224488999996;76.146938775;solo_01_01;s_ts,b_p,b_b,b_dr
76.146938775;100.963265306;solo_01_02;s_ts,b_p,b_b,b_dr
100.963265306;126.693877551;solo_02_01;s_tp,b_ts,b_p,b_b,b_dr
126.693877551;156.865306122;solo_02_02;s_tp,s_ts,b_p,b_b,b_dr
156.865306122;161.2;silence;
