region_start;region_end;label;instrument
0.0;0.371519274;silence;
0.371519274;10.147120181000002;intro;p
10.19356009;88.189387754;theme_01_01;ts,p,b,dr
88.235827664;175.008798185;solo_01_01;s_ts,b_p,b_b,b_dr
175.008798185;179.77333333333337;silence;
