region_start;region_end;label;instrument
0.0;0.41795918299999996;silence;
0.41795918299999996;10.356099772;intro;p
10.356099773;46.950748299;theme_01_01;ts,p,b,dr
46.950748299;82.75591836699999;theme_01_02;ts,p,b,dr
82.75591836699999;119.071927437;solo_01_01;s_ts,b_p,b_b,b_dr
119.118367346;178.793650792;solo_01_02;s_ts,b_p,b_b,b_dr
178.793650792;181.48;silence;
