region_start;region_end;label;instrument
0.0;0.719818594;silence;
0.719818594;10.681179138;intro;b,voc,dr
10.681179138;40.007981859;theme_01_01;ts,p,b,dr
40.007981859000004;69.125804988;theme_01_02;ts,p,b,dr
69.125804988;98.173968253;solo_01_01;s_p,b_b,b_dr
98.173968253;126.873832198;theme_02_01;voc,p,b,dr
126.87383219899999;155.48081632499998;theme_02_02;b,voc
155.457596371;186.433015872;outro;ts,p,b,dr
186.433015872;189.12;silence;
