segment_start;segment_end;label;instrument
0.0;0.417959183;silence;
0.417959183;10.356099773;intro;p
10.356099773;46.950748299;theme_01_01;ts,p,b,dr
46.950748299;82.755918367;theme_01_02;ts,p,b,dr
82.755918367;119.118367346;solo_01_01;s_ts,b_p,b_b,b_dr
119.118367346;178.793650792;solo_01_02;s_ts,b_p,b_b,b_dr
178.793650792;181.48;silence;
