region_start;region_end;label;instrument
0.0;1.175510204;silence;
1.175510204;39.706122448;theme_01_01;tp,p,b
39.706122448;78.236734692;solo_01_01;s_tp,b_p,b_b
78.236734693;120.424489795;solo_02_01;s_p,b_b
120.424489795;163.395918366;solo_02_02;s_p,b_b
163.265306122;219.885714285;theme_02_01;tp,p,b
219.885714285;223.66666666666663;silence;
