region_start;region_end;label;instrument
0.0;1.114557823;silence;
1.114557823;52.941496598;theme_01_01;tp,p,b
52.755736961000004;103.282358276;solo_01_01;s_p,b_b
103.28235827600001;156.409614511;solo_02_01;s_tp,b_p,b_b
156.40961451200002;209.16535147300002;solo_02_02;s_tp,b_p,b_b
209.165351473;271.952108842;solo_03_01;s_tp,s_p,b_b
271.952108842;277.3333333333333;silence;
