region_start;region_end;label;instrument
0.0;1.30031746;silence;
1.30031746;63.761995464;theme_01_01;tp,p,b
63.761995463999995;121.393922901;solo_01_01;s_tp,b_p,b_b
121.39392290200001;180.093968253;solo_01_02;s_tp,b_p,b_b
180.09396825299999;240.744489794;solo_02_01;s_p,b_b
240.744489795;300.65197278799997;solo_03_01;s_b,b_tp,b_p
300.651972789;366.50376417200005;theme_02_01;tp,p,b
366.50376417200005;369.4666666666666;silence;
