segment_start;segment_end;label;instrument
0.0;1.306122448;silence;
1.306122448;52.897959183;theme_01_01;tp,p,b
52.897959183;103.444897959;solo_01_01;s_tp,b_p,b_b
103.444897959;158.040816326;solo_02_01;s_p,b_b
158.040816326;214.857142856;theme_02_01;tp,p,b
214.857142856;222.70666666666668;silence;
