segment_start;segment_end;label;instrument
0.0;1.114557823;silence;
1.114557823;52.755736961;theme_01_01;tp,p,b
52.755736961;103.282358276;solo_01_01;s_p,b_b
103.282358276;156.409614512;solo_02_01;s_tp,b_p,b_b
156.409614512;209.165351473;solo_02_02;s_tp,b_p,b_b
209.165351473;271.952108842;solo_03_01;s_tp,s_p,b_b
271.952108842;277.3333333333333;silence;
