segment_start;segment_end;label;instrument
0.0;0.30185941;silence;
0.30185941;13.049614512;intro;p,b
13.049614512;66.03755102;theme_01_01;as,tp,p,b,dr
66.03755102;118.58430839;solo_01_01;s_as,b_p,b_b,b_dr
118.58430839;171.061405895;solo_02_01;s_tp,b_p,b_b,b_dr
171.061405895;223.608163265;solo_03_01;s_p,b_b,b_dr
223.608163265;277.873197278;theme_02_01;tp,as,p,b,dr
277.873197278;295.381043082;outro;tp,as,p,b,dr
295.381043082;297.64;silence;
