segment_start;segment_end;label;instrument
0.0;0.255419501;silence;
0.255419501;43.026575963;theme_01_01;tp,ts,as,p,b,dr
43.026575963;81.896780045;solo_01_01;s_as,b_p,b_b,b_dr
81.896780045;120.18648526;solo_02_01;s_tp,b_p,b_b,b_dr
120.18648526;158.336870748;solo_03_01;s_ts,b_p,b_b,b_dr
158.336870748;196.185396825;solo_04_01;s_p,b_b,b_dr
196.185396825;240.489070294;theme_02_01;tp,ts,as,p,b,dr
240.489070294;243.26666666666668;silence;
