region_start;region_end;label;instrument
0.0;0.30185941;silence;
0.30185941;13.026394557000001;intro;p,b
13.049614512;66.01433106500001;theme_01_01;as,tp,p,b,dr
66.03755102;118.53786847999999;solo_01_01;s_as,b_p,b_b,b_dr
118.58430839;170.991746031;solo_02_01;s_tp,b_p,b_b,b_dr
171.061405895;223.561723355;solo_03_01;s_p,b_b,b_dr
223.608163265;277.849977323;theme_02_01;tp,as,p,b,dr
277.873197278;295.381043082;outro;tp,as,p,b,dr
295.381043082;297.64;silence;
