region_start;region_end;label;instrument
0.0;0.673378684;silence;
0.673378684;44.814512470000004;theme_01_01;as,bs,b,dr
44.86095238;88.398367345;solo_01_01;s_bs,b_b,b_dr
88.421587301;133.166439908;solo_02_01;s_as,b_bs,b_b,b_dr
133.212879818;184.85405895600002;theme_02_01;as,bs,b,dr
184.85405895600002;189.42666666666668;silence;
