region_start;region_end;label;instrument
0.0;0.20897959100000002;silence;
0.20897959100000002;1.741496597;intro;p
1.7647165530000002;70.658321995;theme_01_01;tp,ts,p,b,dr
70.727981859;142.199002267;solo_01_01;s_p,b_b,b_dr
142.268662131;213.41460317400004;solo_02_01;s_ts,b_p,b_b,b_dr
213.461043083;284.258684806;solo_03_01;s_tp,b_p,b_b,b_dr
284.30512471599997;351.968072561;solo_04_01;s_dr
352.014512471;403.446712017;theme_02_01;tp,ts,p,b,dr
403.446712017;406.18666666666667;silence;
