segment_start;segment_end;label;instrument
0.0;2.856054421;silence;
2.856054421;78.901405895;theme_01_01;ts,p,b,dr
78.901405895;155.016417233;solo_01_01;s_p,b_b,b_dr
155.016417233;233.89460317400003;solo_02_01;s_ts,b_p,b_b,b_dr
233.89460317400003;310.172154195;solo_02_02;s_ts,b_p,b_b,b_dr
310.172154195;359.37523809500004;theme_02_01;ts,p,b,dr
359.37523809500004;368.29333333333335;silence;
