region_start;region_end;label;instrument
0.0;0.522448979;silence;
0.522448979;9.534693877;intro;ts,b
9.534693877;46.106122448;theme_01_01;ts,b,dr
46.106122448;82.285714285;solo_01_01;s_ts,b_b,b_dr
82.285714285;118.465306122;solo_01_02;s_ts,b_b,b_dr
118.465306122;154.383673469;solo_01_03;s_ts,b_b,b_dr
154.383673469;189.77959183599998;solo_01_04;s_ts,b_b,b_dr
189.77959183599998;225.306122448;solo_01_05;s_ts,b_b,b_dr
225.306122448;236.146938774;outro;b,tp
236.146938774;238.69337868480724;silence;
