segment_start;segment_end;label;instrument
0.0;0.522448979;silence;
0.522448979;42.971428571000004;intro;p
42.971428571000004;171.36326530600002;theme_01_01;ts,p
171.36326530600002;294.008163265;solo_01_01;s_ts,b_p
294.008163265;447.21632653;solo_02_01;s_p,s_ts
447.21632653;457.2;silence;
