segment_start;segment_end;label;instrument
0.0;0.424489795;silence;
0.424489795;23.836734693;intro;dr
23.836734693;46.497959183;theme_01_01;ts,dr
46.497959183;67.983673469;solo_01_01;s_ts,b_dr
67.983673469;88.587755102;solo_01_02;s_ts,b_p,b_dr
88.587755102;107.722448979;solo_01_03;s_ts,b_p,b_dr
107.722448979;139.918367346;theme_02_01;ts,p,b,dr
139.918367346;145.42666666666668;silence;
