region_start;region_end;label;instrument
0.0;0.489795918;silence;
0.489795918;31.085714285;theme_01_01;ts,p,b,dr
31.085714285;61.910204081;solo_01_01;s_ts,b_p,b_b,b_dr
61.910204081;93.61632653;solo_01_02;s_ts,b_p,b_b,b_dr
93.61632653;125.15918367299999;solo_01_03;s_ts,b_p,b_b,b_dr
125.15918367299999;155.951020408;solo_01_04;s_ts,b_p,b_b,b_dr
155.951020408;183.412244897;solo_01_05;s_ts,b_p,b_b,b_dr
183.412244897;219.853061223;theme_02_01;ts,p,b,dr
219.853061223;287.0133333333333;silence;
