region_start;region_end;label;instrument
0.0;0.326530612;silence;
0.326530612;18.155102041;intro;p,b,dr
18.155102041;138.971428571;theme_01_01;ts,p,b,dr
138.971428571;287.869387755;theme_01_02;p,b,dr
287.869387755;422.66122449;solo_01_01;s_p,b_b,b_dr
422.66122449;570.514285714;solo_02_01;s_ts,b_p,b_b,b_dr
570.514285714;697.469387755;solo_02_02;s_ts,b_p,b_b,b_dr
697.469387755;810.840816326;theme_02_01;ts,p,b,dr
810.840816326;824.2;silence;
