segment_start;segment_end;label;instrument
0.0;0.326530612;silence;
0.326530612;14.302040816;intro;p,b,dr
14.302040816;122.710204081;theme_01_01;as,p,b,dr
122.710204081;230.92244897900002;solo_01_01;s_p,b_b,b_dr
230.92244897900002;333.58367346800003;solo_02_01;s_as,b_p,b_b,b_dr
333.58367346800003;340.6666666666667;silence;
