segment_start;segment_end;label;instrument
0.0;0.255419501;silence;
0.255419501;14.605351473;intro;p,b,dr
14.605351473;73.375056689;theme_01_01;as,p,b,dr
73.375056689;134.72217687;theme_01_02;as,p,b,dr
134.72217687;194.536780045;solo_01_01;s_tp,b_p,b_b,b_dr
194.536780045;256.464399092;solo_02_01;s_as,b_p,b_b,b_dr
256.464399092;318.269387755;solo_03_01;s_p,b_b,b_dr
318.269387755;379.885714285;solo_03_02;s_p,b_b,b_dr
379.885714285;455.020408162;theme_02_01;as,p,b,dr
455.020408162;459.4;silence;
