segment_start;segment_end;label;instrument
0.0;0.914285714;silence;
0.914285714;19.591836734;intro;p,b,dr
19.591836734;93.126530612;theme_01_01;ts,p,b,dr
93.126530612;181.420408163;theme_01_02;ts,p,b,dr
181.420408163;255.085714285;solo_01_01;s_ts,b_p,b_b,b_dr
255.085714285;340.375510204;solo_01_02;s_ts,b_p,b_b,b_dr
340.375510204;425.795918367;solo_02_01;s_b,b_p,b_dr
425.795918367;512.261224489;theme_02_01;ts,p,b,dr
512.261224489;523.3371428571429;silence;
