segment_start;segment_end;label;instrument
0.0;1.207437641;silence;
1.207437641;44.396553287;theme_01_01;ts,p,b,dr
44.396553287;87.771428571;solo_01_01;s_ts,b_p,b_b,b_dr
87.771428571;131.192743764;solo_01_02;s_ts,b_p,b_b,b_dr
131.192743764;174.799818594;solo_01_03;s_ts,b_p,b_b,b_dr
174.799818594;218.360453514;solo_02_01;s_b,b_p,b_dr
218.360453514;261.456689342;solo_02_02;s_b,s_ts,b_p,b_dr
261.456689342;297.819138321;theme_02_01;ts,p,b,dr
297.819138321;302.41668934240363;silence;
