region_start;region_end;label;instrument
0.0;0.325079365;silence;
0.325079365;11.726077097000001;intro;g,b
11.772517006;64.621133786;theme_01_01;ts,g,b
64.621133786;115.983673468;solo_01_01;s_ts,b_g,b_b
115.983673469;167.648072561;solo_01_02;s_ts,b_g,b_b
167.648072562;196.34793650700001;outro;ts,g,b
196.34793650700001;201.89333333333332;silence;
