segment_start;segment_end;label;instrument
0.0;0.391836734;silence;
0.391836734;19.918367346;intro;dr,b
19.918367346;102.269387755;theme_01_01;as,p,b,dr
102.269387755;182.595918367;solo_01_01;s_as,b_p,b_b,b_dr
182.595918367;263.685804988;solo_02_01;s_p,s_as,b_b,b_dr
263.685804988;342.81941043;solo_02_02;s_p,s_as,b_b,b_dr
342.81941043;387.633922901;outro;as,p,b,dr
387.633922901;394.65902494331067;silence;
