region_start;region_end;label;instrument
0.0;0.185759637;silence;
0.185759637;53.127256235;theme_01_01;as,p,b,dr
53.127256235;107.74058956799999;solo_01_01;s_p,b_b,b_dr
107.740589569;160.49632653;solo_01_02;s_p,b_b,b_dr
160.49632653;216.03845804899998;solo_02_01;s_as,b_p,b_b,b_dr
216.038458049;270.651791382;solo_02_02;s_as,b_p,b_b,b_dr
270.651791383;327.308480725;theme_02_01;as,p,b,dr
327.308480725;331.25333333333333;silence;
