segment_start;segment_end;label;instrument
0.0;0.081269841;silence;
0.081269841;3.831292517;intro;p,g,b,dr
3.831292517;34.214603174000004;theme_01_01;tp,ts,tb,p,g,b,dr
34.214603174000004;65.236462585;solo_01_01;s_ts,b_g,b_p,b_b,b_dr
65.236462585;95.143764172;solo_01_02;s_ts,b_g,b_p,b_b,b_dr
95.143764172;126.43265306100001;solo_02_01;s_ts,s_p,b_g,b_tp,b_tb,b_b,b_dr
126.43265306100001;157.408072562;solo_02_02;s_ts,s_p,b_g,b_tp,b_tb,b_b,b_dr
157.408072562;188.348662131;theme_02_01;p,tp,ts,tb,g,p,b,dr
188.348662131;191.46666666666667;silence;
