region_start;region_end;label;instrument
0.0;0.293877551;silence;
0.293877551;9.991836734;intro;p
9.991836734;57.828571428000004;theme_01_01;ts,p,b
57.828571428000004;107.102040816;solo_01_01;s_ts,b_p,b_b
107.102040816;155.36326530600002;solo_02_01;s_p,b_b
155.36326530600002;203.069387755;solo_03_01;s_b,s_p
203.069387755;252.57142857099998;solo_04_01;s_ts,b_p,b_b
252.57142857099998;304.848979591;theme_02_01;p,ts,b
304.848979591;311.16;silence;
