segment_start;segment_end;label;instrument
0.0;0.097959183;silence;
0.097959183;4.048979591;intro;p,g,dr
4.048979591;37.681632653;theme_01_01;tp,tb,ts,g,p,b,dr
37.681632653;70.922448979;solo_01_01;s_tp,b_g,b_p,b_b,b_dr
70.922448979;104.424489795;solo_02_01;s_ts,b_g,b_p,b_b,b_dr
104.424489795;137.95918367299998;solo_03_01;s_tb,b_g,b_p,b_b,b_dr
137.95918367299998;170.971428571;solo_04_01;s_p,b_g,b_b,b_b,b_dr
170.971428571;185.73061224399999;outro;p,tp,tb,ts,g,p,b,dr
185.73061224399999;188.64;silence;
