segment_start;segment_end;label;instrument
0.0;0.130612244;silence;
0.130612244;6.4;intro;vib
6.4;52.832653061;theme_01_01;tb,ts,p,vib,b,dr
52.832653061;99.004081632;theme_01_02;cor,tb,ts,p,vib,b,dr
99.004081632;146.285714285;solo_01_01;s_vib,b_p,b_b,b_dr
146.285714285;192.979591836;solo_01_02;s_vib,b_tb,b_ts,b_cor,b_p,b_b,b_dr
192.979591836;195.10666666666665;silence;
