region_start;region_end;label;instrument
0.0;0.232199546;silence;
0.232199546;5.340589568;intro;vib
5.340589569;43.653514739;theme_01_01;tp,ts,g,p,vib,b,dr
43.653514738999995;81.87356008999998;solo_01_01;s_ts,b_g,b_p,b_vib,b_b,b_dr
81.87356009;120.279365078;solo_02_01;s_vib,b_g,b_p,b_b,b_dr
120.279365079;158.73160997600002;theme_02_01;tp,ts,g,p,vib,b,dr
158.73160997600002;161.22666666666666;silence;
