segment_start;segment_end;label;instrument
0.0;0.278639455;silence;
0.278639455;21.014058956;theme_01_01;cor,cl,tb,bjo,p
21.014058956;41.772698412;theme_01_02;cor,cl,tb,bjo,p
41.772698412;62.508117913;solo_01_01;s_tb,b_bjo,b_p
62.508117913;83.429297052;solo_02_01;s_cor,b_bjo,b_p
83.429297052;104.23437641700001;solo_03_01;s_cl,b_bjo,b_p
104.23437641700001;125.155555555;theme_02_01;cor,cl,tb,bjo,p
125.155555555;148.630929704;theme_02_02;cor,cl,tb,bjo,p
148.630929704;154.82666666666663;silence;
