segment_start;segment_end;label;instrument
0.0;0.185759637;silence;
0.185759637;24.102312925;intro;cor,cl,tb,bjo,p
24.102312925;63.761995463999995;theme_01_01;cor,cl,tb,bjo,p
63.761995463999995;101.424761904;solo_01_01;s_p
101.424761904;141.827482993;solo_02_01;s_cor,b_cl,b_tb,b_bjo,b_p
141.827482993;174.103219954;theme_02_01;cor,cl,tb,bjo,p
174.103219954;180.02666666666667;silence;
