region_start;region_end;label;instrument
0.0;0.046439909;silence;
0.046439909;37.477006802000005;theme_01_01;cor,cl,tb,bjo,p
37.523446711999995;75.325532879;solo_01_01;s_voc,b_bjo,b_p
75.325532879;115.635374148;solo_01_02;s_voc,b_bjo,b_p
115.635374149;157.15265306;solo_02_01;s_cor,b_bjo,b_p
157.152653061;176.843174602;theme_02_01;voc,cor,cl,tb,bjo,p
176.843174602;182.52;silence;
