segment_start;segment_end;label;instrument
0.0;0.30185941;silence;
0.30185941;4.947437642;intro;cor,cl,tb,bjo,p
4.947437642;60.487981859;theme_01_01;cor,cl,tb,bjo,p
60.487981859;116.749931973;solo_01_01;s_tp,b_bjo,b_p
116.749931973;172.849342404;solo_02_01;s_cl,b_bjo,b_p
172.849342404;194.536780046;outro;cor,tb,cl,bjo,p
194.536780046;199.49333333333334;silence;
