region_start;region_end;label;instrument
0.0;0.30185941;silence;
0.30185941;4.969070294;intro;cor,cl,tb,bjo,p
4.947437642;60.48798186;theme_01_01;cor,cl,tb,bjo,p
60.487981858999994;116.749931972;solo_01_01;s_tp,b_bjo,b_p
116.74993197299999;172.849342404;solo_02_01;s_cl,b_bjo,b_p
172.84934240400003;194.53678004600002;outro;cor,tb,cl,bjo,p
194.53678004600002;199.4933333333333;silence;
