region_start;region_end;label;instrument
0.0;0.261224489;silence;
0.261224489;11.363265305999999;intro;p
11.363265305999999;36.963265306;theme_01_01;cor,cl,tb,bjo,p
36.963265306;60.473469387;theme_01_02;cor,cl,tb,bjo,p
60.473469387;80.979591836;solo_01_01;s_cl,b_bjo,b_p
80.979591836;107.23265306100001;solo_02_01;s_voc,b_bjo
107.23265306100001;133.61632653;solo_02_02;s_voc,b_bjo
133.61632653;159.869387754;theme_02_01;cor,cl,tb,bjo,p
159.869387754;176.96;silence;
