region_start;region_end;label;instrument
0.0;0.293877551;silence;
0.293877551;30.204081632;theme_01_01;cor,tb,cl,p,bjo
30.204081631999998;60.179591836;theme_01_02;cor,tb,cl,p,bjo
60.17959183600001;90.12244897800001;solo_01_01;s_bjo
90.15510204;119.83673469300001;solo_02_01;s_cor,b_bjo
119.836734693;149.48571428399998;solo_03_01;s_cor,s_tb,b_bjo
149.536507936;178.607891155;theme_02_01;cor,tb,cl,p,bjo
178.607891156;202.292244897;theme_02_02;cor,tb,cl,p,bjo
202.292244897;208.98666666666668;silence;
