region_start;region_end;label;instrument
0.0;0.325079365;silence;
0.325079365;27.167346938;intro;synth
27.167346938;127.384671201;theme_01_01;ts,synth,b,dr
127.384671201;217.245895691;solo_01_01;s_ts,b_synth,b_b,b-dr
217.245895691;324.80072562199996;theme_02_01;ts,synth,b,dr
324.80072562199996;335.64734693877546;silence;
