segment_start;segment_end;label;instrument
0.0;0.185759637;silence;
0.185759637;71.378140589;intro;ts
71.378140589;114.82267573600001;theme_01_01;ts,p,b,dr
114.82267573600001;157.802811791;theme_01_02;ts,p,b,dr
157.802811791;201.10802721;solo_01_01;s_ts,b_p,b_b,b_dr
201.10802721;239.955011337;solo_01_02;s_ts,b_p,b_b,b_dr
239.955011337;279.73079365;solo_02_01;s_p,b_b,b_dr
279.73079365;327.145941042;theme_02_01;ts,p,b,dr
327.145941042;340.31165532879817;silence;
