segment_start;segment_end;label;instrument
0.0;0.261224489;silence;
0.261224489;78.367346938;theme_01_01;ts,p,g,b,dr
78.367346938;155.428571428;solo_01_01;s_ts,b_p,b_b,b_dr
155.428571428;231.183673469;solo_01_02;s_ts,b_p,b_b,b_dr
231.183673469;306.15510204;solo_02_01;s_g,b_p,b_b,b_dr
306.15510204;381.387755102;theme_02_01;ts,g,p,b,dr
381.387755102;432.06530612200004;theme_02_02;ts,g,p,b,dr
432.06530612200004;438.2266666666667;silence;
