segment_start;segment_end;label;instrument
0.0;0.130612244;silence;
0.130612244;43.885714285;intro;g,b,dr
43.885714285;128.653061224;theme_01_01;ts,g,p,b,dr
128.653061224;213.551020408;solo_01_01;s_ts,b_p,b_b,b_dr
213.551020408;297.273469387;solo_01_02;s_ts,b_p,b_b,b_dr
297.273469387;380.081632653;solo_02_01;s_b,b_g,b_dr
380.081632653;467.461224489;theme_02_01;ts,g,p,b,dr
467.461224489;516.83265306;outro;ts,g,p,b,dr
516.83265306;525.7142857142857;silence;
