segment_start;segment_end;label;instrument
0.0;0.359183673;silence;
0.359183673;35.265306122;theme_01_01;ts,vib,p,b,dr
35.265306122;68.114285714;solo_01_01;s_vib,b_p,b_b,b_dr
68.114285714;101.126530612;solo_02_01;s_ts,b_p,b_vib,b_b,b_dr
101.126530612;133.681632653;solo_03_01;s_p,b_b,b_dr
133.681632653;169.371428571;theme_02_01;ts,vib,p,b,dr
169.371428571;181.910204081;outro;ts,vib,p,b,dr
181.910204081;185.62666666666667;silence;
