segment_start;segment_end;label;instrument
0.0;0.0;silence;
0.0;30.040816326;intro;b,dr,vib
30.040816326;87.510204081;theme_01_01;vib,p,b,dr
87.510204081;145.240816326;solo_01_01;s_vib,b_p,b_b,b_dr
145.240816326;193.567346938;theme_02_01;vib,p,b,dr
193.567346938;196.89333333333335;silence;
