region_start;region_end;label;instrument
0.0;0.359183673;silence;
0.359183673;35.265306121;theme_01_01;ts,vib,p,b,dr
35.265306122;68.11428571299999;solo_01_01;s_vib,b_p,b_b,b_dr
68.11428571399999;101.12653061099999;solo_02_01;s_ts,b_p,b_vib,b_b,b_dr
101.12653061200001;133.68163265200002;solo_03_01;s_p,b_b,b_dr
133.68163265299998;169.37142857099997;theme_02_01;ts,vib,p,b,dr
169.371428571;181.910204081;outro;ts,vib,p,b,dr
181.910204081;185.6266666666667;silence;
