segment_start;segment_end;label;instrument
0.0;0.457142857;silence;
0.457142857;44.734693877;theme_01_01;ts,p,b,vib,dr
44.734693877;87.444897959;solo_01_01;s_ts,b_p,b_b,b_dr
87.444897959;129.371428571;solo_02_01;s_vib,b_p,b_b,b_dr
129.371428571;177.371428571;theme_02_01;ts,p,b,vib,dr
177.371428571;181.14666666666668;silence;
