region_start;region_end;label;instrument
0.0;0.0;silence;
0.0;30.040816325999998;intro;b,dr,vib
30.040816325999998;87.510204081;theme_01_01;vib,p,b,dr
87.510204081;145.240816325;solo_01_01;s_vib,b_p,b_b,b_dr
145.24081632600002;193.56734693800001;theme_02_01;vib,p,b,dr
193.56734693800001;196.89333333333332;silence;
