segment_start;segment_end;label;instrument
0.0;1.044897959;silence;
1.044897959;58.514285714;theme_01_01;tp,as,b,dr
58.514285714;119.640816326;solo_01_01;s_as,b_b,b_dr
119.640816326;178.15510204;solo_01_02;s_as,b_b,b_dr
178.15510204;239.804081632;solo_02_01;s_tp,b_b,b_dr
239.804081632;299.885714285;solo_03_01;s_b,b_dr
299.885714285;358.4;theme_02_01;tp,as,b,dr
358.4;395.49387755099997;outro;tp,as,b,dr
395.49387755099997;399.7518367346939;silence;
