region_start;region_end;label;instrument
0.0;1.044897959;silence;
1.044897959;58.514285713999996;theme_01_01;tp,as,b,dr
58.514285713999996;119.64081632599999;solo_01_01;s_as,b_b,b_dr
119.640816326;178.15510204;solo_01_02;s_as,b_b,b_dr
178.15510204;239.804081631;solo_02_01;s_tp,b_b,b_dr
239.80408163200002;299.885714285;solo_03_01;s_b,b_dr
299.885714285;358.399999999;theme_02_01;tp,as,b,dr
358.4;395.49387755099997;outro;tp,as,b,dr
395.49387755099997;399.7518367346939;silence;
