segment_start;segment_end;label;instrument
0.0;0.522448979;silence;
0.522448979;100.31020408100001;theme_01_01;tp,as,b,dr
100.31020408100001;184.424489795;solo_01_01;s_as,b_b,b_dr
184.424489795;264.359183673;solo_01_02;s_as,b_b,b_dr
264.359183673;348.734693877;solo_02_01;s_tp,b_b,b_dr
348.734693877;432.58775510199996;solo_02_02;s_tp,b_b,b_dr
432.58775510199996;536.81632653;theme_02_01;tp,as,b,dr
536.81632653;544.8097959183674;silence;
