segment_start;segment_end;label;instrument
0.0;0.522448979;silence;
0.522448979;63.73877551;theme_01_01;g,key,b,dr,perc
63.73877551;125.257142857;solo_01_01;s_g,b_key,b_b,b_dr,b_perc
125.257142857;186.253061224;solo_01_02;s_g,b_key,b_b,b_dr,b_perc
186.253061224;248.032653061;solo_02_01;s_key,b_g,b_b,b_dr,b_dr,b_perc
248.032653061;312.55510204;theme_02_01;g,key,b,dr,perc
312.55510204;322.089795917;outro;perc
322.089795917;326.3226984126984;silence;
