segment_start;segment_end;label;instrument
0.0;0.01632653;silence;
0.01632653;9.861224489;intro;g
9.861224489;50.971428571;theme_01_01;as,g,b,dr
50.971428571;91.314285714;solo_01_01;s_as,b_g,b_b,b_dr
91.314285714;130.742857142;solo_01_02;s_as,b_g,b_b,b_dr
130.742857142;170.008163265;solo_02_01;s_g,b_b,b_dr
170.008163265;208.685714285;solo_02_02;s_g,b_b,b_dr
208.685714285;247.902040816;theme_02_01;as,g,b,dr
247.902040816;278.563265305;outro;as,g,b,dr
278.563265305;286.48;silence;
