region_start;region_end;label;instrument
0.0;1.567346939;silence;
1.567346939;133.746938776;theme_01_01;ts,p,b,dr
133.746938776;232.013786848;solo_01_01;s_ts,b_b,b_dr
232.013786848;335.110385488;solo_02_01;s_p,b_b,b_dr
335.110385488;401.240816327;theme_02_01;ts,p,b,dr
401.240816327;406.28244897959183;silence;
