region_start;region_end;label;instrument
0.0;0.39183673399999996;silence;
0.39183673399999996;45.583673468;theme_01_01;tp,p,b,dr
45.583673469;89.665306122;theme_01_02;tp,p,b,dr
89.665306122;133.159183673;solo_01_01;s_fl,b_p,b_b,b_dr
133.159183673;176.587755101;solo_02_01;s_bs,b_p,b_b,b_dr
176.58775510200002;220.14693877500002;solo_03_01;s_tp,b_p,b_b,b_dr
220.146938775;268.408163264;theme_02_01;tp,p,b,dr
268.408163264;273.2266666666667;silence;
