region_start;region_end;label;instrument
0.0;0.326530612;silence;
0.326530612;34.546938775;theme_01_01;tp,fl,bs,p,b,dr
34.546938775;67.78775510199999;theme_01_02;tp,fl,bs,p,b,dr
67.78775510199999;100.963265306;solo_01_01;s_bs,b_p,b_b,b_dr
100.963265306;134.204081632;solo_02_01;s_fl,b_p,b_b,b_dr
134.204081632;167.444897959;solo_03_01;s_p,b_b,b_dr
167.444897959;200.881632653;solo_04_01;s_tp,b_fl,b_bs,b_p,b_b,b_dr
200.881632653;212.440816326;outro;tp,fl,bs,p,b,dr
212.440816326;216.9333333333333;silence;
