segment_start;segment_end;label;instrument
0.0;0.39183673399999996;silence;
0.39183673399999996;32.979591836;theme_01_01;ts,as,g,p,b,dr
32.979591836;65.436734693;solo_01_01;s_ts1,b_g,b_p,bb_dr
65.436734693;98.22040816299999;solo_02_01;s_as1,b_g,b_p,b_dr
98.22040816299999;130.285714285;solo_03_01;s_as2,b_g,b_p,b_b,b_dr
130.285714285;162.253061224;solo_04_01;s_ts2,b_g,b_p,b_b,b_dr
162.253061224;194.93877551;solo_05_01;s_ts1,s_ts2,s_as1,s_as2,b_g,b_p,b_b,b_dr
194.93877551;229.159183673;theme_02_01;ts,as,g,p,b,dr
229.159183673;234.22666666666663;silence;
