segment_start;segment_end;label;instrument
0.0;0.326530612;silence;
0.326530612;32.881632653000004;theme_01_01;ts,as,g,p,b,dr
32.881632653000004;64.55510204;solo_01_01;s_as,b_g,b_p,b_b,b_dr
64.55510204;97.208163265;solo_02_01;s_ts,b_g,b_p,b_b,b_dr
97.208163265;129.469387755;solo_03_01;s_as,b_g,b_p,b_b,b_dr
129.469387755;161.763265306;solo_04_01;s_ts,b_g,b_p,b_b,b_dr
161.763265306;194.187755102;solo_05_01;s_p,b_g,b_b,b_dr
194.187755102;202.514285714;theme_02_01;ts,as,g,p,b,dr
202.514285714;206.42666666666668;silence;
