region_start;region_end;label;instrument
0.0;0.261224489;silence;
0.261224489;55.902040816;theme_01_01;as,p,b,dr
55.902040816;110.693877551;solo_01_01;s_as,b_p,b_b,b_dr
110.693877551;166.46530612200002;solo_01_02;s_as,b_p,b_b,b_dr
166.46530612200002;222.725804988;solo_02_01;s_p,b_b,b_dr
222.725804988;272.783673469;solo_03_01;s_b,b_p,b_dr
272.783673469;318.43265306;theme_02_01;as,p,b,dr
318.43265306;322.16;silence;
