segment_start;segment_end;label;instrument
0.0;0.255419501;silence;
0.255419501;11.911836734;intro;tp,ss,tb
11.911836734;40.658140589;theme_01_01;tp,ss,tb,p,b,dr
40.658140589;68.731065759;solo_01_01;s_ss,b_p,b_b,b_dr
68.731065759;96.084172335;solo_02_01;s_p,b_b,b_dr
96.084172335;124.342857142;solo_03_01;s_tp,b_ss,b_p,b_b,b_dr
124.342857142;153.39102040699998;theme_02_01;ss,tp,tb,p,b,dr
153.39102040699998;155.36;silence;
