region_start;region_end;label;instrument
0.0;0.325079365;silence;
0.325079365;12.631655328;intro;g
12.631655327999999;53.034376416;theme_01_01;tp,ss,cl,g,p,b,dr
53.034376417;94.319455782;theme_01_02;tp,ss,cl,g,p,b,dr
94.319455782;134.675736961;solo_01_01;s_tp,b_g,b_p,b_b,b_dr
134.675736961;175.542857142;solo_02_01;s_ss,b_tp,b_cl,b_g,b_p,b_b,b_dr
175.542857142;214.552380951;solo_02_02;s_ss,b_tp,b_cl,b_g,b_p,b_b,b_dr
214.552380951;217.34666666666664;silence;
