region_start;region_end;label;instrument
0.0;0.261224489;silence;
0.261224489;6.106122448;intro;tp,ss,g,p,b,dr
5.94430839;36.9661678;theme_01_01;tp,ss,g,p,b,dr
37.028571428;67.06938775399999;solo_01_01;s_tp,b_ss,b_g,b_p,b_b,b_dr
67.069387755;96.91428571399999;solo_02_01;s_ss,b_tp,b_g,b_p,b_b,b_dr
96.914285714;125.844897958;solo_03_01;s_p,b_g,b_b,b_dr
125.844897959;154.136734693;theme_02_01;tp,ss,g,p,b,dr
154.136734693;154.42666666666668;silence;
