segment_start;segment_end;label;instrument
0.0;0.30185941;silence;
0.30185941;11.400997732;intro;g,dr
11.400997732;56.401269841;theme_01_01;ss,g,p,b,dr
56.401269841;102.074920634;solo_01_01;s_ss,b_g,b_p,b_b,b_dr
102.074920634;147.6092517;solo_01_02;s_ss,b_g,b_p,b_b,b_dr
147.6092517;193.491882086;solo_01_03;s_ss,b_g,b_p,b_b,b_dr
193.491882086;244.18104308300002;theme_02_01;ss,g,p,b,dr
244.18104308300002;246.12;silence;
