segment_start;segment_end;label;instrument
0.0;0.232199546;silence;
0.232199546;6.3158276639999995;intro;ss,g,p,b,dr
6.3158276639999995;37.151927437;theme_01_01;ss,tp,g,p,b,dr
37.151927437;67.15210884300001;solo_01_01;s_tp,b_ss,b_g,b_p,b_b,b_dr
67.15210884300001;96.96653061200001;solo_02_01;s_ss,b_g,b_p,b_b,b_dr
96.96653061200001;125.852154195;solo_03_01;s_p,b_g,b_b,b_dr
125.852154195;155.57369614499999;theme_02_01;ss,tp,g,p,b,dr
155.57369614499999;158.56;silence;
