region_start;region_end;label;instrument
0.0;0.06530612200000001;silence;
0.06530612200000001;36.506122448;intro;p,b,dr
36.506122448;80.97959183500001;theme_01_01;tb,p,b,dr
80.979591836;126.56326530499999;solo_01_01;s_tb,b_p,b_b,b_dr
126.563265306;173.25714285700002;solo_02_01;s_ts,b_p,b_b,b_dr
173.25714285700002;220.14693877500002;theme_02_01;ts,p,b,dr
220.14693877500002;224.94666666666663;silence;
