region_start;region_end;label;instrument
0.0;0.06530612200000001;silence;
0.06530612200000001;21.518367346;theme_01_01;tp,as,p,b,dr
21.518367345999998;43.461224488;theme_01_02;tp,as,p,b,dr
43.461224488999996;65.648979591;solo_01_01;s_as,b_p,b_b,b_dr
65.648979591;87.820408162;solo_01_02;s_as,b_p,b_b,b_dr
87.820408163;110.220408163;solo_02_01;s_tp,b_p,b_b,b_dr
110.22040816299999;132.60408163199997;solo_03_01;s_p,b_b,b_dr
132.604081632;154.922448978;theme_02_01;tp,as,p,b,dr
154.922448978;157.85333333333332;silence;
