segment_start;segment_end;label;instrument
0.0;0.065306122;silence;
0.065306122;36.506122448;intro;p,b,dr
36.506122448;80.979591836;theme_01_01;tb,p,b,dr
80.979591836;126.563265306;solo_01_01;s_tb,b_p,b_b,b_dr
126.563265306;173.257142857;solo_02_01;s_ts,b_p,b_b,b_dr
173.257142857;220.146938775;theme_02_01;ts,p,b,dr
220.146938775;224.94666666666666;silence;
