segment_start;segment_end;label;instrument
0.0;0.162539682;silence;
0.162539682;12.910294784;intro;p
12.910294784;41.006439909;theme_01_01;ts,p,vib,b,dr
41.006439909;69.33478458;solo_01_01;s_ts,b_p,b_vib,b_b,b_dr
69.33478458;97.686349206;solo_01_02;s_ts,b_p,b_vib,b_b,b_dr
97.686349206;138.716009069;theme_02_01;ts,p,vib,b,dr
138.716009069;141.54666666666665;silence;
