segment_start;segment_end;label;instrument
0.0;0.914285714;silence;
0.914285714;8.751020407999999;intro;p
8.751020407999999;39.248979591;theme_01_01;tb,g,p,b,dr
39.248979591;69.61632653;theme_01_02;tb,g,p,b,dr
69.61632653;100.179591836;solo_01_01;s_tb,b_g,b_p,b_b,b_dr
100.179591836;130.546938775;solo_01_02;s_tb,b_g,b_p,b_b,b_dr
130.546938775;161.175510204;solo_01_03;s_tb,b_g,b_p,b_b,b_dr
161.175510204;220.47346938700002;theme_02_01;tb,g,p,b,dr
220.47346938700002;223.66666666666663;silence;
