segment_start;segment_end;label;instrument
0.0;0.39183673399999996;silence;
0.39183673399999996;8.326530612;intro;g
8.326530612;134.269387755;theme_01_01;ts,g,b
134.269387755;274.024489795;solo_01_01;s_ts,b_g,b_b
274.024489795;280.3466666666667;silence;
