segment_start;segment_end;label;instrument
0.0;0.065306122;silence;
0.065306122;13.126530612;intro;p
13.126530612;69.420408163;theme_01_01;ts,p,b,dr
69.420408163;126.759183673;solo_01_01;s_ts,b_p,b_b,b_dr
126.759183673;192.783673468;solo_01_02;s_ts,b_p,b_b,b_dr
192.783673468;195.78666666666666;silence;
