segment_start;segment_end;label;instrument
0.0;1.30031746;silence;
1.30031746;57.771247165;theme_01_01;tp,ss,b,dr
57.771247165;116.099773242;solo_01_01;s_tp,b_ss,b_b,b_dr
116.099773242;174.428299319;solo_01_02;s_tp,b_b,b_dr
174.428299319;232.199546485;solo_02_01;s_ss,b_b,b_dr
232.199546485;290.528072562;solo_02_02;s_ss,b_b,b_dr
290.528072562;343.46956916;solo_03_01;s_dr
343.46956916;399.940498865;theme_02_01;tp,ss,b,dr
399.940498865;405.1333333333333;silence;
