segment_start;segment_end;label;instrument
0.0;1.175510204;silence;
1.175510204;2.448979591;intro;b
2.448979591;49.226303854;theme_01_01;ss,p,b,dr
49.226303854;95.294693877;solo_01_01;s_ss,b_p,b_b,b_dr
95.294693877;141.714285714;solo_01_02;s_ss,b_p,b_b,b_dr
141.714285714;188.01632653;solo_02_01;s_p,b_b,b_dr
188.01632653;231.21632653;solo_02_02;s_p,b_b,b_dr
231.21632653;273.175510204;solo_03_01;s_dr,s_b,b_p
273.175510204;323.78775510099996;theme_02_01;ss,p,b,dr
323.78775510099996;326.6;silence;
