region_start;region_end;label;instrument
0.0;1.30031746;silence;
1.30031746;57.771247165000005;theme_01_01;tp,ss,b,dr
57.771247165;116.099773242;solo_01_01;s_tp,b_ss,b_b,b_dr
116.09977324200001;174.42829931900002;solo_01_02;s_tp,b_b,b_dr
174.42829931900002;232.19954648400002;solo_02_01;s_ss,b_b,b_dr
232.199546485;290.52807256200003;solo_02_02;s_ss,b_b,b_dr
290.52807256200003;343.46956916000005;solo_03_01;s_dr
343.46956916;399.940498865;theme_02_01;tp,ss,b,dr
399.940498865;405.13333333333327;silence;
