segment_start;segment_end;label;instrument
0.0;1.114557823;silence;
1.114557823;15.418049885999999;intro;b,dr
15.418049885999999;93.80861678;theme_01_01;ss,p,b,dr
93.80861678;172.199183673;solo_01_01;s_p,b_b,b_dr
172.199183673;248.917913832;solo_02_01;s_ss,b_p,b_b,b_dr
248.917913832;327.308480725;solo_03_01;s_p,b_b,b_dr
327.308480725;403.469931972;theme_02_01;ss,p,b,dr
403.469931972;408.06666666666666;silence;
