segment_start;segment_end;label;instrument
0.0;0.065306122;silence;
0.065306122;29.518367346;theme_01_01;as,as,p,b,dr
29.518367346;58.351020408;solo_01_01;s_as,b_p,b_b,b_dr
58.351020408;87.21632653;solo_01_02;s_as,b_p,b_b,b_dr
87.21632653;115.591836734;solo_02_01;s_as,b_p,b_b,b_dr
115.591836734;144.163265306;solo_02_02;s_as,b_p,b_b,b_dr
144.163265306;171.951020408;theme_02_01;as,as,p,b,dr
171.951020408;172.82666666666665;silence;
