region_start;region_end;label;instrument
0.0;0.19591836699999998;silence;
0.19591836699999998;3.363265305;intro;dr
3.363265306;53.485714285;theme_01_01;as,as,p,b,dr
53.485714285;105.697959182;solo_01_01;s_as,b_p,b_b,b_dr
105.697959183;157.35510204;solo_02_01;s_as,b_p,b_b,b_dr
157.35510204;172.016326529;theme_02_01;as,as,p,b,dr
172.016326529;174.54666666666665;silence;
