region_start;region_end;label;instrument
0.0;0.06530612200000001;silence;
0.06530612200000001;29.551020407;theme_01_01;as,as,p,b,dr
29.518367345999998;58.35102040699999;solo_01_01;s_as,b_p,b_b,b_dr
58.351020408000004;87.21632653;solo_01_02;s_as,b_p,b_b,b_dr
87.21632653;115.591836734;solo_02_01;s_as,b_p,b_b,b_dr
115.591836734;144.16326530499998;solo_02_02;s_as,b_p,b_b,b_dr
144.163265306;171.951020408;theme_02_01;as,as,p,b,dr
171.951020408;172.82666666666665;silence;
