segment_start;segment_end;label;instrument
0.0;0.371519274;silence;
0.371519274;25.07755102;intro;p
25.07755102;154.923537415;theme_01_01;ts,p,b,dr
154.923537415;281.42585034;solo_01_01;s_ts,b_p,b_b,b_dr
281.42585034;410.34303854899997;solo_01_02;s_ts,s_p,b_b,b_dr
410.34303854899997;414.87673469387767;silence;
