segment_start;segment_end;label;instrument
0.0;1.021678004;silence;
1.021678004;88.050068027;theme_01_01;tp,ts,p,b,dr
88.050068027;172.477823129;solo_01_01;s_ts,b_p,b_b,b_dr
172.477823129;258.902494331;solo_01_02;s_ts,b_p,b_b,b_dr
258.902494331;341.611972789;solo_02_01;s_tp,b_p,b_b,b_dr
341.611972789;424.042811791;solo_03_01;s_p,b_b,b_dr
424.042811791;499.04326530500003;theme_02_01;tp,ts,p,b,dr
499.04326530500003;506.1224489795918;silence;
