region_start;region_end;label;instrument
0.0;1.021678004;silence;
1.021678004;88.05006802700001;theme_01_01;tp,ts,p,b,dr
88.05006802700001;172.47782312900003;solo_01_01;s_ts,b_p,b_b,b_dr
172.47782312900003;258.90249433099996;solo_01_02;s_ts,b_p,b_b,b_dr
258.90249433099996;341.611972789;solo_02_01;s_tp,b_p,b_b,b_dr
341.611972789;424.04281179099996;solo_03_01;s_p,b_b,b_dr
424.04281179099996;499.043265305;theme_02_01;tp,ts,p,b,dr
499.043265305;506.1224489795918;silence;
