segment_start;segment_end;label;instrument
0.0;0.261224489;silence;
0.261224489;12.27755102;intro;fl,ts,as,fln,tb,p,b,dr
12.27755102;114.67755102;theme_01_01;fl,ts,as,fln,tb,p,b,dr
114.67755102;211.330612244;solo_01_01;s_ts,b_p,b_b,b_dr
211.330612244;307.983673469;solo_02_01;s_fln,b_p,b_b,b_dr
307.983673469;426.840816326;theme_02_01;fl,ts,as,fln,tb,p,b,dr
426.840816326;433.9333333333333;silence;
