segment_start;segment_end;label;instrument
0.0;0.130612244;silence;
0.130612244;15.673469387;intro;p,b,dr
15.673469387;94.040816326;theme_01_01;tp,p,b,dr
94.040816326;171.827664399;solo_01_01;s_tp,b_p,b_b,b_dr
171.827664399;250.122448979;solo_01_02;s_tp,b_p,b_b,b_dr
250.122448979;328.751020408;solo_02_01;s_p,b_b,b_dr
328.751020408;407.248979591;solo_02_02;s_p,b_b,b_dr
407.248979591;495.28163265200004;theme_02_01;tp,p,b,dr
495.28163265200004;499.6963265306122;silence;
