segment_start;segment_end;label;instrument
0.0;0.278639455;silence;
0.278639455;3.691972789;intro;tp
3.691972789;59.232653061;theme_01_01;tp,p,b,dr
59.232653061;115.330612244;solo_01_01;s_tp,b_p,b_b,b_dr
115.330612244;171.428571428;solo_02_01;s_p,b_b,b_dr
171.428571428;201.208163264;theme_02_01;tp,p,b,dr
201.208163264;205.374693877551;silence;
