region_start;region_end;label;instrument
0.0;3.069387755;silence;
3.069387755;37.551020408;theme_01_01;tp,p,b,dr
37.551020408;71.608163265;solo_01_01;s_tp,b_p,b_b,b_dr
71.640816326;105.86122448900001;solo_01_02;s_tp,b_p,b_b,b_dr
105.893877551;138.612244897;theme_02_01;tp,p,b,dr
138.612244897;146.65142857142857;silence;
