region_start;region_end;label;instrument
0.0;0.13061224400000002;silence;
0.13061224400000002;15.673469386;intro;p,b,dr
15.673469387;93.91020408;theme_01_01;tp,p,b,dr
94.040816326;171.49387754999998;solo_01_01;s_tp,b_p,b_b,b_dr
171.827664399;249.846712018;solo_01_02;s_tp,b_p,b_b,b_dr
250.122448979;328.751020407;solo_02_01;s_p,b_b,b_dr
328.751020408;407.118367346;solo_02_02;s_p,b_b,b_dr
407.24897959099997;495.281632652;theme_02_01;tp,p,b,dr
495.281632652;499.69632653061217;silence;
