segment_start;segment_end;label;instrument
0.0;2.220408163;silence;
2.220408163;50.41632653;theme_01_01;tp,p,b,dr
50.41632653;100.440816326;solo_01_01;s_tp,b_p,b_b,b_dr
100.440816326;150.857142857;solo_01_02;s_tp,b_p,b_b,b_dr
150.857142857;201.012244897;solo_02_01;s_p,b_b,b_dr
201.012244897;253.518367346;solo_02_02;s_p,b_b,b_dr
253.518367346;301.975510203;theme_02_01;tp,p,b,dr
301.975510203;304.64;silence;
