segment_start;segment_end;label;instrument
0.0;0.22857142800000002;silence;
0.22857142800000002;4.930612244;intro;p
4.930612244;49.926530612;theme_01_01;ts,hca,p,b,dr
49.926530612;94.563265306;solo_01_01;s_ts,b_p,b_b,b_dr
94.563265306;139.232653061;solo_02_01;s_b,b_p,b_dr
139.232653061;185.110204081;theme_02_01;ts,hca,p,b,dr
185.110204081;188.0533333333333;silence;
