segment_start;segment_end;label;instrument
0.0;0.130612244;silence;
0.130612244;8.489795918;intro;p,b,dr
8.489795918;70.008163265;theme_01_01;ts,p,b,dr
70.008163265;132.440816326;solo_01_01;s_p,b_b,b_dr
132.440816326;205.45306122300002;theme_02_01;ts,p,b,dr
205.45306122300002;208.76;silence;
