segment_start;segment_end;label;instrument
0.0;0.232199546;silence;
0.232199546;9.54340136;intro;p,b,dr
9.54340136;63.018956916;theme_01_01;ts,p,b,dr
63.018956916;115.821133786;solo_01_01;s_ts,s_p,b_b,b_dr
115.821133786;174.98557823;theme_02_01;ts,p,b,dr
174.98557823;178.74666666666667;silence;
