segment_start;segment_end;label;instrument
0.0;0.185759637;silence;
0.185759637;9.566621315;intro;tp,ts,p,b,dr
9.566621315;40.402721088;theme_01_01;tp,ts,p,b,dr
40.402721088;71.238820861;solo_01_01;s_p,b_b,b_dr
71.238820861;102.492879818;solo_02_01;s_tp,b_b,b_dr
102.492879818;134.211337868;solo_02_02;s_tp,b_p,b_b,b_dr
134.211337868;165.697596371;solo_03_01;s_ts,b_p,b_b,b_dr
165.697596371;203.313922901;theme_02_01;tp,ts,p,b,dr
203.313922901;205.61333333333334;silence;
